{"cameraMode":{"drawMode":0,"name":"Shaded","section":"Shading Mode"},"sceneLighting":false,"audioPlay":false,"sceneViewState":{"m_AlwaysRefresh":false,"showFog":true,"showSkybox":false,"showFlares":true,"showImageEffects":true,"showParticleSystems":true,"showVisualEffectGraphs":true,"m_FxEnabled":true},"in2DMode":false,"pivot":{"x":-0.6922914981842041,"y":0.2759597897529602,"z":18.673778533935548},"rotation":{"x":0.09945330023765564,"y":-0.8983936309814453,"z":0.26733505725860598,"w":0.33430635929107668},"size":0.896580159664154,"orthographic":false}