{"cameraMode":{"drawMode":0,"name":"Shaded","section":"Shading Mode"},"sceneLighting":true,"audioPlay":false,"sceneViewState":{"m_AlwaysRefresh":false,"showFog":true,"showSkybox":false,"showFlares":true,"showImageEffects":true,"showParticleSystems":true,"showVisualEffectGraphs":true,"m_FxEnabled":true},"in2DMode":false,"pivot":{"x":-0.5141978859901428,"y":-9.068461418151856,"z":-14.798806190490723},"rotation":{"x":0.0012592475395649672,"y":-0.9638206362724304,"z":0.26924172043800356,"w":0.0052228583954274658},"size":10.344623565673829,"orthographic":false}