{"cameraMode":{"drawMode":0,"name":"Shaded","section":"Shading Mode"},"sceneLighting":true,"audioPlay":false,"sceneViewState":{"m_AlwaysRefresh":false,"showFog":true,"showSkybox":true,"showFlares":true,"showImageEffects":true,"showParticleSystems":true,"showVisualEffectGraphs":true,"m_FxEnabled":true},"in2DMode":false,"pivot":{"x":4.728603363037109,"y":1.551421880722046,"z":6.266059875488281},"rotation":{"x":-0.0051965853199362759,"y":0.4077557921409607,"z":0.002318363869562745,"w":0.9130951762199402},"size":13.180460929870606,"orthographic":false}