{"cameraMode":{"drawMode":0,"name":"Shaded","section":"Shading Mode"},"sceneLighting":true,"audioPlay":false,"sceneViewState":{"m_AlwaysRefresh":false,"showFog":true,"showSkybox":true,"showFlares":true,"showImageEffects":true,"showParticleSystems":true,"showVisualEffectGraphs":true,"m_FxEnabled":true},"in2DMode":false,"pivot":{"x":0.4080432653427124,"y":3.4288411140441896,"z":16.824783325195314},"rotation":{"x":0.12517879903316499,"y":-0.8710309267044067,"z":0.3168763518333435,"w":0.35582688450813296},"size":1.7671082019805909,"orthographic":false}