{"cameraMode":{"drawMode":0,"name":"Shaded","section":"Shading Mode"},"sceneLighting":true,"audioPlay":false,"sceneViewState":{"m_AlwaysRefresh":false,"showFog":true,"showSkybox":true,"showFlares":true,"showImageEffects":true,"showParticleSystems":true,"showVisualEffectGraphs":true,"m_FxEnabled":true},"in2DMode":false,"pivot":{"x":0.9797957539558411,"y":3.847722291946411,"z":13.290838241577149},"rotation":{"x":0.022652287036180497,"y":-0.958491325378418,"z":0.2724996507167816,"w":0.08356146514415741},"size":3.2660250663757326,"orthographic":false}