{"cameraMode":{"drawMode":0,"name":"Shaded","section":"Shading Mode"},"sceneLighting":true,"audioPlay":false,"sceneViewState":{"m_AlwaysRefresh":false,"showFog":true,"showSkybox":true,"showFlares":true,"showImageEffects":true,"showParticleSystems":true,"showVisualEffectGraphs":true,"m_FxEnabled":true},"in2DMode":false,"pivot":{"x":-1.2852493524551392,"y":0.7391427755355835,"z":10.981898307800293},"rotation":{"x":-0.03391095623373985,"y":-0.9230073690414429,"z":0.3754359781742096,"w":-0.08084073662757874},"size":1.1660254001617432,"orthographic":false}