{"cameraMode":{"drawMode":0,"name":"Shaded","section":"Shading Mode"},"sceneLighting":false,"audioPlay":false,"sceneViewState":{"m_AlwaysRefresh":false,"showFog":true,"showSkybox":false,"showFlares":true,"showImageEffects":true,"showParticleSystems":true,"showVisualEffectGraphs":true,"m_FxEnabled":true},"in2DMode":false,"pivot":{"x":-1.6862468719482422,"y":0.9942372441291809,"z":11.158340454101563},"rotation":{"x":0.058454420417547229,"y":-0.9090964198112488,"z":0.39065632224082949,"w":0.13535387814044953},"size":0.36061370372772219,"orthographic":false}