{"cameraMode":{"drawMode":0,"name":"Shaded","section":"Shading Mode"},"sceneLighting":false,"audioPlay":false,"sceneViewState":{"m_AlwaysRefresh":false,"showFog":true,"showSkybox":false,"showFlares":true,"showImageEffects":true,"showParticleSystems":true,"showVisualEffectGraphs":true,"m_FxEnabled":true},"in2DMode":false,"pivot":{"x":-0.28598552942276,"y":-0.0037330982740968467,"z":0.006697379518300295},"rotation":{"x":0.10697811841964722,"y":0.8926851153373718,"z":-0.3337195813655853,"w":0.28475362062454226},"size":0.36061030626296999,"orthographic":false}