{"cameraMode":{"drawMode":0,"name":"Shaded","section":"Shading Mode"},"sceneLighting":false,"audioPlay":false,"sceneViewState":{"m_AlwaysRefresh":false,"showFog":true,"showSkybox":false,"showFlares":true,"showImageEffects":true,"showParticleSystems":true,"showVisualEffectGraphs":true,"m_FxEnabled":true},"in2DMode":false,"pivot":{"x":2.7933473587036135,"y":1.6253682374954224,"z":0.7186001539230347},"rotation":{"x":-0.05450979247689247,"y":-0.9399276375770569,"z":0.286724716424942,"w":-0.17790721356868745},"size":1.3946664333343506,"orthographic":false}